Segment,Accuracy,Precision,Recall,F1 Score,ROC AUC
Budget Conscious,0.96,0.8333333333333334,1.0,0.9090909090909091,1.0
Premium Spenders,0.9574468085106383,1.0,0.6666666666666666,0.8,1.0
Young Professionals,0.9310344827586207,0.0,0.0,0.0,0.9642857142857143
